target_transform,mean_fit_time,std_fit_time,mean_score_time,std_score_time,param_regressor__model__C,param_regressor__model__epsilon,param_regressor__model__kernel,param_regressor__model__gamma,params,split0_test_score,split1_test_score,split2_test_score,split3_test_score,split4_test_score,mean_test_score,std_test_score,rank_test_score
identity,1.3893120765686036,0.0377046418999485,0.11510076522827148,0.005626548079822626,0.1,0.1,linear,,"{'regressor__model__C': 0.1, 'regressor__model__epsilon': 0.1, 'regressor__model__kernel': 'linear'}",-50.33384803367392,-48.38786928272968,-48.74970877692908,-49.706448154677275,-46.65250226230635,-48.766075302063264,1.2611670064275982,8
identity,0.7716449737548828,0.02104225039516691,0.05244636535644531,0.0021127793497490244,0.1,0.5,linear,,"{'regressor__model__C': 0.1, 'regressor__model__epsilon': 0.5, 'regressor__model__kernel': 'linear'}",-56.83989133347735,-56.52832755295462,-56.66952579782094,-56.69381745677828,-54.74710200436148,-56.29573282907853,0.7805970495768572,15
identity,0.4328829288482666,0.02624016165800901,0.033733701705932616,0.004295867770882102,0.1,1.0,linear,,"{'regressor__model__C': 0.1, 'regressor__model__epsilon': 1.0, 'regressor__model__kernel': 'linear'}",-78.36023831630597,-79.32492582904479,-79.05263315091926,-78.21182326618597,-77.75409899246263,-78.54074391098372,0.572110682070333,27
identity,2.710494375228882,0.05555636975918276,0.11203126907348633,0.00571409511402467,0.5,0.1,linear,,"{'regressor__model__C': 0.5, 'regressor__model__epsilon': 0.1, 'regressor__model__kernel': 'linear'}",-50.32876245119147,-48.38564590840942,-48.7526805475202,-49.70356410702792,-46.65273836011836,-48.76467827485347,1.259520988332748,7
identity,1.4118258476257324,0.2100386766115918,0.06888022422790527,0.01579834851831434,0.5,0.5,linear,,"{'regressor__model__C': 0.5, 'regressor__model__epsilon': 0.5, 'regressor__model__kernel': 'linear'}",-56.83606810707142,-56.51905956450706,-56.67103945003604,-56.68731949012515,-54.738149186037035,-56.29032715955534,0.7825538850456815,12
identity,0.7258079051971436,0.0442889112127974,0.03286924362182617,0.0032838022421523296,0.5,1.0,linear,,"{'regressor__model__C': 0.5, 'regressor__model__epsilon': 1.0, 'regressor__model__kernel': 'linear'}",-78.35413069733261,-79.32820735855188,-79.02804916587735,-78.1977288259872,-77.74795806397007,-78.53121482234383,0.5723817457468137,24
identity,3.226581859588623,0.4309871192821981,0.1205780029296875,0.008324815025142904,1.0,0.1,linear,,"{'regressor__model__C': 1.0, 'regressor__model__epsilon': 0.1, 'regressor__model__kernel': 'linear'}",-50.32884961377087,-48.38380326466899,-48.7517956656384,-49.7024943780358,-46.65333433025143,-48.764055450473094,1.2592961580770912,5
identity,1.9587955951690674,0.28956161236160866,0.061576032638549806,0.0073563710211756285,1.0,0.5,linear,,"{'regressor__model__C': 1.0, 'regressor__model__epsilon': 0.5, 'regressor__model__kernel': 'linear'}",-56.8361353489071,-56.519543427707305,-56.67021132378368,-56.68839406857096,-54.7394472844592,-56.29074629068566,0.7821052906172367,14
identity,1.544799566268921,0.27872183950174445,0.030037879943847656,0.002787696713661483,1.0,1.0,linear,,"{'regressor__model__C': 1.0, 'regressor__model__epsilon': 1.0, 'regressor__model__kernel': 'linear'}",-78.34921744015683,-79.3287592268232,-79.04078364268932,-78.19604686290914,-77.74713323660562,-78.53238808183683,0.575495459294637,26
identity,26.24318962097168,0.39545068047403653,0.10232906341552735,0.003158810993293405,10.0,0.1,linear,,"{'regressor__model__C': 10.0, 'regressor__model__epsilon': 0.1, 'regressor__model__kernel': 'linear'}",-50.329091374486715,-48.38271104815719,-48.751699901407946,-49.70275665683153,-46.65330432586071,-48.76391266134881,1.2594716208911663,4
identity,11.950590372085571,5.290832038727559,0.0537010669708252,0.004324306777807991,10.0,0.5,linear,,"{'regressor__model__C': 10.0, 'regressor__model__epsilon': 0.5, 'regressor__model__kernel': 'linear'}",-56.83775982472828,-56.51849143309466,-56.674245580113535,-56.68662650543355,-54.73599206598495,-56.29062308187099,0.7838552326877526,13
identity,6.437701463699341,5.239992363921054,0.02796015739440918,0.0029911945243549717,10.0,1.0,linear,,"{'regressor__model__C': 10.0, 'regressor__model__epsilon': 1.0, 'regressor__model__kernel': 'linear'}",-78.34971236870375,-79.33130979750172,-79.02309964189482,-78.20732656186492,-77.7451377515855,-78.53131722431014,0.5723401959800152,25
identity,101.63450994491578,1.0547943618806999,0.11866989135742187,0.022018604035430614,100.0,0.1,linear,,"{'regressor__model__C': 100.0, 'regressor__model__epsilon': 0.1, 'regressor__model__kernel': 'linear'}",-50.33190541652144,-48.38242607479313,-48.75100335929463,-49.70288124613854,-46.65406621890022,-48.76445646312959,1.2599533706775337,6
identity,55.40160479545593,2.8803721254296306,0.05641517639160156,0.00888798914207568,100.0,0.5,linear,,"{'regressor__model__C': 100.0, 'regressor__model__epsilon': 0.5, 'regressor__model__kernel': 'linear'}",-56.8414353013796,-56.515783972964705,-56.66442947129933,-56.684302072121575,-54.739780649097966,-56.28914629337263,0.7815250781578658,11
identity,33.8143630027771,1.8028328006804284,0.03159184455871582,0.004571794227112438,100.0,1.0,linear,,"{'regressor__model__C': 100.0, 'regressor__model__epsilon': 1.0, 'regressor__model__kernel': 'linear'}",-78.3455784077581,-79.3228822185915,-79.02963885072145,-78.19699197579307,-77.73384364080108,-78.52578701873304,0.5756705766003986,23
identity,1.4235748767852783,0.33983920877807433,0.42424578666687013,0.32507838483157914,0.1,0.1,rbf,scale,"{'regressor__model__C': 0.1, 'regressor__model__epsilon': 0.1, 'regressor__model__gamma': 'scale', 'regressor__model__kernel': 'rbf'}",-50.265107411378686,-48.185575840272016,-48.8622004392129,-49.71637804822157,-46.65286423318683,-48.7364251944544,1.2615591637701669,2
identity,0.6786252021789551,0.04396939951249458,0.1352682590484619,0.018641074602857247,0.1,0.5,rbf,scale,"{'regressor__model__C': 0.1, 'regressor__model__epsilon': 0.5, 'regressor__model__gamma': 'scale', 'regressor__model__kernel': 'rbf'}",-57.001117392677266,-56.62173180168958,-56.811373271841575,-56.88435490470073,-54.9048141660545,-56.44467830739272,0.7797351699682166,16
identity,0.5009584426879883,0.01696487016821097,0.08373560905456542,0.00510562407882997,0.1,1.0,rbf,scale,"{'regressor__model__C': 0.1, 'regressor__model__epsilon': 1.0, 'regressor__model__gamma': 'scale', 'regressor__model__kernel': 'rbf'}",-78.51356922681417,-79.4928706595107,-79.28252102159242,-78.45499842998639,-77.81690378040857,-78.71217262366244,0.6069390241255458,30
identity,1.344816541671753,0.01858270427640054,0.26776690483093263,0.034245432095520896,0.5,0.1,rbf,scale,"{'regressor__model__C': 0.5, 'regressor__model__epsilon': 0.1, 'regressor__model__gamma': 'scale', 'regressor__model__kernel': 'rbf'}",-50.286635911684414,-48.061896491992194,-48.92122029615172,-49.66205760171251,-46.58662339170548,-48.70368673864927,1.2934740492099481,1
identity,0.7822746753692627,0.058904449273538065,0.13496112823486328,0.025003042015855913,0.5,0.5,rbf,scale,"{'regressor__model__C': 0.5, 'regressor__model__epsilon': 0.5, 'regressor__model__gamma': 'scale', 'regressor__model__kernel': 'rbf'}",-57.01045664783402,-56.61336816563287,-56.9121054534568,-56.93023562377224,-54.95101071839214,-56.483435321817616,0.7779907170073476,17
identity,0.445540189743042,0.017779452168188527,0.07236566543579101,0.008992707905120294,0.5,1.0,rbf,scale,"{'regressor__model__C': 0.5, 'regressor__model__epsilon': 1.0, 'regressor__model__gamma': 'scale', 'regressor__model__kernel': 'rbf'}",-78.48740906832923,-79.41854123054655,-79.28924188862695,-78.47595875415632,-77.78002496074764,-78.69023518048134,0.6007951733697702,29
identity,1.3815280437469482,0.02896154677628291,0.26481175422668457,0.020337886819863708,1.0,0.1,rbf,scale,"{'regressor__model__C': 1.0, 'regressor__model__epsilon': 0.1, 'regressor__model__gamma': 'scale', 'regressor__model__kernel': 'rbf'}",-50.30211358098467,-48.01026052897225,-49.044560986206164,-49.71339272321701,-46.617435416755335,-48.73755264722709,1.3052371267911378,3
identity,0.7981953144073486,0.03206714610144935,0.14197001457214356,0.010132412233169262,1.0,0.5,rbf,scale,"{'regressor__model__C': 1.0, 'regressor__model__epsilon': 0.5, 'regressor__model__gamma': 'scale', 'regressor__model__kernel': 'rbf'}",-57.013579193957305,-56.60766000683408,-57.02188949309662,-56.92371761229008,-54.973870765482566,-56.50814341433213,0.7817926052311641,18
identity,0.48323631286621094,0.022520095494595715,0.07512106895446777,0.006584542707261045,1.0,1.0,rbf,scale,"{'regressor__model__C': 1.0, 'regressor__model__epsilon': 1.0, 'regressor__model__gamma': 'scale', 'regressor__model__kernel': 'rbf'}",-78.4520672997957,-79.38966322651349,-79.29564542467766,-78.48192374867126,-77.7967328713661,-78.68320651420484,0.5922732668310094,28
identity,3.0434500694274904,0.08339212780605679,0.27243809700012206,0.02615147724330422,10.0,0.1,rbf,scale,"{'regressor__model__C': 10.0, 'regressor__model__epsilon': 0.1, 'regressor__model__gamma': 'scale', 'regressor__model__kernel': 'rbf'}",-50.713594529711656,-48.07260772168102,-49.836439977782014,-49.86314285502701,-47.013598292247266,-49.09987667528979,1.3518154510130294,9
identity,1.7041576385498047,0.03821775907865451,0.14850516319274903,0.012586053839257108,10.0,0.5,rbf,scale,"{'regressor__model__C': 10.0, 'regressor__model__epsilon': 0.5, 'regressor__model__gamma': 'scale', 'regressor__model__kernel': 'rbf'}",-57.14260556243375,-56.9044221908206,-57.760809015896726,-56.99558589483516,-55.21497136140335,-56.80367880507792,0.8487565598887312,19
identity,1.0103458881378173,0.046912192103460024,0.08013391494750977,0.011438284041024923,10.0,1.0,rbf,scale,"{'regressor__model__C': 10.0, 'regressor__model__epsilon': 1.0, 'regressor__model__gamma': 'scale', 'regressor__model__kernel': 'rbf'}",-78.23864506129554,-79.31486659534872,-79.13910766029838,-78.33556480763409,-77.52698419979887,-78.51103366487511,0.650224967957869,22
identity,16.899007749557494,0.5916395451721636,0.29741759300231935,0.029328179211814222,100.0,0.1,rbf,scale,"{'regressor__model__C': 100.0, 'regressor__model__epsilon': 0.1, 'regressor__model__gamma': 'scale', 'regressor__model__kernel': 'rbf'}",-51.988505236572216,-49.107566030705186,-51.6128756470541,-51.02581514503876,-48.152374313724636,-50.37742727461898,1.4903502922823524,10
identity,10.025286865234374,0.7784369549720552,0.1464693069458008,0.023199871033701438,100.0,0.5,rbf,scale,"{'regressor__model__C': 100.0, 'regressor__model__epsilon': 0.5, 'regressor__model__gamma': 'scale', 'regressor__model__kernel': 'rbf'}",-57.590800487562895,-57.20408486545852,-58.95729134960249,-57.416228777219814,-55.50531690165853,-57.33474447630046,1.1017023112463513,20
identity,5.544837570190429,0.11054698311831196,0.07887129783630371,0.002971805711774385,100.0,1.0,rbf,scale,"{'regressor__model__C': 100.0, 'regressor__model__epsilon': 1.0, 'regressor__model__gamma': 'scale', 'regressor__model__kernel': 'rbf'}",-77.27291364651629,-78.55628705121977,-79.1447887770912,-77.49359205532092,-76.76128448491156,-77.84577320301193,0.8741380671427056,21
log1p,1.2088254928588866,0.008441217937365889,0.12330341339111328,0.00768133931346631,0.1,0.1,linear,,"{'regressor__model__C': 0.1, 'regressor__model__epsilon': 0.1, 'regressor__model__kernel': 'linear'}",-50.108328561487866,-48.25659102754691,-48.64323423989334,-49.34925103225645,-46.205666749694075,-48.51261432217572,1.3153616621047115,5
log1p,0.9316030979156494,0.02161516850748175,0.10616064071655273,0.015459186986151811,0.1,0.5,linear,,"{'regressor__model__C': 0.1, 'regressor__model__epsilon': 0.5, 'regressor__model__kernel': 'linear'}",-50.07275754145183,-48.30139686392549,-48.69150727024222,-49.33277606745675,-46.26893094425178,-48.53347373746561,1.2818164594788337,10
log1p,0.5101943969726562,0.02237952379035429,0.056709575653076175,0.004270086483861758,0.1,1.0,linear,,"{'regressor__model__C': 0.1, 'regressor__model__epsilon': 1.0, 'regressor__model__kernel': 'linear'}",-50.2900674570178,-48.58009532191231,-48.92505659656881,-49.68566094738903,-46.72903832533552,-48.841983729644696,1.2123335061061746,23
log1p,1.8479226112365723,0.030980661229881967,0.12596211433410645,0.015048906221707023,0.5,0.1,linear,,"{'regressor__model__C': 0.5, 'regressor__model__epsilon': 0.1, 'regressor__model__kernel': 'linear'}",-50.08445441237074,-48.32248469617426,-48.68638530034071,-49.29812571678734,-46.187784160774925,-48.51584685728959,1.308345373415398,6
log1p,1.316567325592041,0.11925552471065512,0.11113734245300293,0.013202594136824078,0.5,0.5,linear,,"{'regressor__model__C': 0.5, 'regressor__model__epsilon': 0.5, 'regressor__model__kernel': 'linear'}",-50.05933613890747,-48.37922161277352,-48.73766607055212,-49.27948535917785,-46.2465250893395,-48.54044685415009,1.2790753404011308,12
log1p,0.7211346626281738,0.06658854176220842,0.055146408081054685,0.0060843068110803845,0.5,1.0,linear,,"{'regressor__model__C': 0.5, 'regressor__model__epsilon': 1.0, 'regressor__model__kernel': 'linear'}",-50.25197301468194,-48.5946593429728,-48.92187004583496,-49.64049151790641,-46.708144125014975,-48.82342760928221,1.2037263358308081,22
log1p,1.873033380508423,0.09117550023163004,0.1267855644226074,0.0037469300924612443,1.0,0.1,linear,,"{'regressor__model__C': 1.0, 'regressor__model__epsilon': 0.1, 'regressor__model__kernel': 'linear'}",-50.08211390913569,-48.331023767195454,-48.69546138634641,-49.29751039527091,-46.185167051660045,-48.518255301921705,1.3086367464907938,7
log1p,1.422350025177002,0.046120954644801884,0.08882231712341308,0.00571643932846083,1.0,0.5,linear,,"{'regressor__model__C': 1.0, 'regressor__model__epsilon': 0.5, 'regressor__model__kernel': 'linear'}",-50.05673852737616,-48.38494165207215,-48.73854330780126,-49.27641089661046,-46.244191638616556,-48.54016520449532,1.2788272128121227,11
log1p,0.8726625919342041,0.057848483148182674,0.05101938247680664,0.003949311692880018,1.0,1.0,linear,,"{'regressor__model__C': 1.0, 'regressor__model__epsilon': 1.0, 'regressor__model__kernel': 'linear'}",-50.251768184888306,-48.594806421827855,-48.92022588511984,-49.63020122310883,-46.704975427557464,-48.820395428500454,1.2033679149038883,19
log1p,6.785929155349732,0.4230214312047926,0.15684523582458496,0.016106936363822863,10.0,0.1,linear,,"{'regressor__model__C': 10.0, 'regressor__model__epsilon': 0.1, 'regressor__model__kernel': 'linear'}",-50.08289465770574,-48.34643014314075,-48.69546176527104,-49.29191173337891,-46.18309483293302,-48.51995862648589,1.3084744179998962,8
log1p,5.687918853759766,0.5244391763618738,0.10371236801147461,0.015347123055516552,10.0,0.5,linear,,"{'regressor__model__C': 10.0, 'regressor__model__epsilon': 0.5, 'regressor__model__kernel': 'linear'}",-50.0566230112851,-48.389099523419745,-48.74310337853076,-49.27103605924899,-46.24281085704725,-48.54053456590637,1.2787226082447252,13
log1p,3.66914587020874,0.34578342328706724,0.055688667297363284,0.004512840618428501,10.0,1.0,linear,,"{'regressor__model__C': 10.0, 'regressor__model__epsilon': 1.0, 'regressor__model__kernel': 'linear'}",-50.24685151552142,-48.60744496804182,-48.91701649555721,-49.62449959573331,-46.70297130922889,-48.81975677681653,1.2016261374206392,18
log1p,43.84099707603455,0.7672327897795503,0.13026928901672363,0.009491471844161464,100.0,0.1,linear,,"{'regressor__model__C': 100.0, 'regressor__model__epsilon': 0.1, 'regressor__model__kernel': 'linear'}",-50.08245889412158,-48.345221477639775,-48.69636323616719,-49.29341925849622,-46.183420992276034,-48.52017677174016,1.3084882858686457,9
log1p,32.94393439292908,0.29016701513891946,0.1010373592376709,0.004597195182241516,100.0,0.5,linear,,"{'regressor__model__C': 100.0, 'regressor__model__epsilon': 0.5, 'regressor__model__kernel': 'linear'}",-50.05699819024076,-48.39683107399456,-48.74474506273983,-49.27062116042856,-46.241906359213836,-48.54222036932351,1.2789619543185604,14
log1p,17.871607971191406,0.27163805154321513,0.058308982849121095,0.004489777112346459,100.0,1.0,linear,,"{'regressor__model__C': 100.0, 'regressor__model__epsilon': 1.0, 'regressor__model__kernel': 'linear'}",-50.24581159401447,-48.609775732388734,-48.918633168234955,-49.62455221740994,-46.70351581954472,-48.82045770631856,1.2011386227556073,20
log1p,1.2954805374145508,0.09870239413304403,0.338180685043335,0.027017327134903898,0.1,0.1,rbf,scale,"{'regressor__model__C': 0.1, 'regressor__model__epsilon': 0.1, 'regressor__model__gamma': 'scale', 'regressor__model__kernel': 'rbf'}",-50.355754543777294,-48.01999754806492,-48.63548160968703,-49.73227745746953,-46.45747504861974,-48.64019724152371,1.362697481007532,15
log1p,0.9710916996002197,0.03886564645579099,0.25052289962768554,0.016177969902716683,0.1,0.5,rbf,scale,"{'regressor__model__C': 0.1, 'regressor__model__epsilon': 0.5, 'regressor__model__gamma': 'scale', 'regressor__model__kernel': 'rbf'}",-50.37117238848166,-48.20280517465352,-48.712869172704856,-49.734228152548006,-46.51842114502398,-48.7078992066824,1.331824886886502,16
log1p,0.49367556571960447,0.006974398144694626,0.13269572257995604,0.011020096778981829,0.1,1.0,rbf,scale,"{'regressor__model__C': 0.1, 'regressor__model__epsilon': 1.0, 'regressor__model__gamma': 'scale', 'regressor__model__kernel': 'rbf'}",-50.476012078327635,-48.62651540660889,-49.114163438865596,-49.9917197478356,-46.9328654351647,-49.02825522136049,1.231559764474018,27
log1p,1.4026873588562012,0.12563941730964043,0.3538003921508789,0.032125079764794354,0.5,0.1,rbf,scale,"{'regressor__model__C': 0.5, 'regressor__model__epsilon': 0.1, 'regressor__model__gamma': 'scale', 'regressor__model__kernel': 'rbf'}",-50.235056019970386,-47.676593380300915,-48.59528752223431,-49.47842651722742,-46.231390297399756,-48.44335074742655,1.39895391696463,3
log1p,1.0639211654663085,0.03398180197739373,0.24774017333984374,0.017342554053594302,0.5,0.5,rbf,scale,"{'regressor__model__C': 0.5, 'regressor__model__epsilon': 0.5, 'regressor__model__gamma': 'scale', 'regressor__model__kernel': 'rbf'}",-50.22488639415616,-47.85526588140769,-48.596381969082515,-49.364983478970174,-46.27382714786715,-48.46306897429673,1.3488830285501727,4
log1p,0.5514735221862793,0.00968545738949165,0.1458362579345703,0.013639270871046353,0.5,1.0,rbf,scale,"{'regressor__model__C': 0.5, 'regressor__model__epsilon': 1.0, 'regressor__model__gamma': 'scale', 'regressor__model__kernel': 'rbf'}",-50.32808140156338,-48.36823947825426,-49.01503277676343,-49.79055353928316,-46.753057190594106,-48.850992877291674,1.2430493815224817,24
log1p,1.6878024578094482,0.04913491805623538,0.6064458370208741,0.34944219632021206,1.0,0.1,rbf,scale,"{'regressor__model__C': 1.0, 'regressor__model__epsilon': 0.1, 'regressor__model__gamma': 'scale', 'regressor__model__kernel': 'rbf'}",-50.27860573429243,-47.58313767111647,-48.59259606920215,-49.42547322475733,-46.251986931203575,-48.42635992611439,1.4068118612684635,1
log1p,1.6534842491149901,0.17589613798316983,0.23617339134216309,0.009666426529198737,1.0,0.5,rbf,scale,"{'regressor__model__C': 1.0, 'regressor__model__epsilon': 0.5, 'regressor__model__gamma': 'scale', 'regressor__model__kernel': 'rbf'}",-50.22287107592869,-47.773169584087,-48.604858536896415,-49.33712403324274,-46.24646225022242,-48.43689709607545,1.3613861806860401,2
log1p,0.5605482578277587,0.021441112622797413,0.13762326240539552,0.006815638816984758,1.0,1.0,rbf,scale,"{'regressor__model__C': 1.0, 'regressor__model__epsilon': 1.0, 'regressor__model__gamma': 'scale', 'regressor__model__kernel': 'rbf'}",-50.32982887042417,-48.268305732412635,-49.03983377471311,-49.74876330274404,-46.72146980581255,-48.8216402972213,1.2568765625092426,21
log1p,2.1094847202301024,0.05483525534771542,0.30797085762023924,0.01404517671279775,10.0,0.1,rbf,scale,"{'regressor__model__C': 10.0, 'regressor__model__epsilon': 0.1, 'regressor__model__gamma': 'scale', 'regressor__model__kernel': 'rbf'}",-51.223286764114064,-47.41082838284267,-49.28986302872409,-49.54209997032028,-47.2689240187115,-48.947000432942524,1.4716618293587767,25
log1p,1.6889071464538574,0.03786915499088955,0.2595824241638184,0.020931966139043096,10.0,0.5,rbf,scale,"{'regressor__model__C': 10.0, 'regressor__model__epsilon': 0.5, 'regressor__model__gamma': 'scale', 'regressor__model__kernel': 'rbf'}",-50.8373768654365,-47.69053812103246,-49.33736434072126,-49.33630839383362,-46.82634382007005,-48.80558630821878,1.4038062518062329,17
log1p,0.9869228839874268,0.021726620701506758,0.13746724128723145,0.01042380920772312,10.0,1.0,rbf,scale,"{'regressor__model__C': 10.0, 'regressor__model__epsilon': 1.0, 'regressor__model__gamma': 'scale', 'regressor__model__kernel': 'rbf'}",-50.547965375146774,-48.26074754302539,-49.39551287365978,-49.71790860094545,-46.84285679227693,-48.952998237010874,1.2850474839743231,26
log1p,8.577421236038209,0.3185810916499909,0.33555874824523924,0.010208634489143645,100.0,0.1,rbf,scale,"{'regressor__model__C': 100.0, 'regressor__model__epsilon': 0.1, 'regressor__model__gamma': 'scale', 'regressor__model__kernel': 'rbf'}",-69.62276782756348,-49.760599155682314,-162.1722014108985,-85.10805720155598,-53.91070725450082,-84.11486657004022,40.979169844167885,30
log1p,6.716899061203003,0.2453123966827241,0.23471426963806152,0.01920794474439708,100.0,0.5,rbf,scale,"{'regressor__model__C': 100.0, 'regressor__model__epsilon': 0.5, 'regressor__model__gamma': 'scale', 'regressor__model__kernel': 'rbf'}",-107.29331826307411,-48.733112784973656,-65.13433521206865,-61.6400004691168,-54.74233301536706,-67.50861994892006,20.68041534346848,29
log1p,4.442496633529663,0.26137643986468295,0.12887234687805177,0.006894293395635866,100.0,1.0,rbf,scale,"{'regressor__model__C': 100.0, 'regressor__model__epsilon': 1.0, 'regressor__model__gamma': 'scale', 'regressor__model__kernel': 'rbf'}",-52.193235513058134,-48.21847068485274,-51.36707432612175,-50.40519255818153,-47.587618709359575,-49.95431835831475,1.7791206461795697,28
